version,experiment_id,git_commit,configuration,environment,algorithm,seed,environment_steps,wall_clock_seconds,checkpoint,status,deterministic_return,stochastic_return,tracking_error_xy,yaw_error,survival_rate,forward_gain,lag_steps,entropy,action_std,kl,alpha_temp,alpha_kl,q_bias,target_clip_fraction,notes
pre-v00,go2_ppo_4096,919308d+dirty,mjlab registered PPO cfg (see config/mjlab_go2_ppo.yaml),Unitree-Go2-Flat,PPO,1,196608000,,logs/juwels_pull/2026-07-31_12-58-54_go2_ppo_4096/model_1999.pt,trained,,,,,,,,,,,,,,,PPO at convergence; JUWELS run; 4096x24x2000; NOT budget-matched to REPPO
pre-v00,go2_reppo_4096,919308d+dirty,config/mjlab_go2_reppo_v24.yaml,Unitree-Go2-Flat,REPPO,1,,,logs/juwels_pull/2026-07-31_12-58-20_go2_reppo_4096/model_380.pt,trained,,,,,,,,,,,,,,,JUWELS REPPO run at 4096 envs; budget not yet confirmed
pre-v00,trudi_reference_go2,n/a (external),TruDi authors' hydra cfg,Unitree-Go2-Flat,REPPO-reference,unknown,39321600,,/home/human/workspaces/trudi_ref/trudi_go2_ckpt/reppo_zip_go2_torch_Unitree-Go2-Flat_step_301.pt,trained,,,,,,,,,,,,,,,Authors' own checkpoint; evaluated via trudi_ref/eval_our_tracking.py
pre-v00,go2_v28_refparity_s1,919308d+dirty,config/mjlab_go2_reppo_v28_refparity.yaml,Unitree-Go2-Flat,REPPO,1,39321600,3120,logs/safe_rl/go2_velocity/2026-08-03_09-11-35_go2_v28_refparity_s1/model_299.pt,trained,,,,,,,,,,,,,,,All four reference-parity levers; basis for config/mjlab_go2_reppo_v00_baseline.yaml
pre-v00,go2_v29_dualclip_s1,919308d+dirty,config/mjlab_go2_reppo_v29_dualclip.yaml,Unitree-Go2-Flat,REPPO,1,39321600,2940,logs/safe_rl/go2_velocity/2026-08-03_10-10-40_go2_v29_dualclip_s1/model_299.pt,trained,,,,,,,,,,,,,,,Lever isolated: dual_optim_mode=actor
pre-v00,go2_v30_atoms151_s1,919308d+dirty,config/mjlab_go2_reppo_v30_atoms151.yaml,Unitree-Go2-Flat,REPPO,1,39321600,2820,logs/safe_rl/go2_velocity/2026-08-03_11-02-06_go2_v30_atoms151_s1/model_299.pt,trained,,,,,,,,,,,,,,,Lever isolated: num_atoms=151
v00,reppo_v00_s1__deterministic__E1,aef23c9,config/mjlab_go2_reppo_v00_baseline.yaml,Unitree-Go2-Flat,REPPO,1,39321600,3499,logs/safe_rl/go2_v00/2026-08-03_12-31-06_reppo_v00_s1/model_299.pt,evaluated,45.9187,,0.5152,0.1587,0.9067,,,-5.9851,0.5001,0.0998,0.0027,0.0438,0.0484,0.0014,"protocol=E1; mode=deterministic; eval_seeds=[42, 43, 44]; E2_survival=0.60"
v00,reppo_v00_s1__stochastic__E1,aef23c9,config/mjlab_go2_reppo_v00_baseline.yaml,Unitree-Go2-Flat,REPPO,1,39321600,3499,logs/safe_rl/go2_v00/2026-08-03_12-31-06_reppo_v00_s1/model_299.pt,evaluated,,42.8192,0.5327,0.1875,0.9467,,,-5.9851,0.5001,0.0998,0.0027,0.0438,0.0484,0.0014,"protocol=E1; mode=stochastic; eval_seeds=[42, 43, 44]"
v00,reppo_v00_s2__deterministic__E1,aef23c9,config/mjlab_go2_reppo_v00_baseline.yaml,Unitree-Go2-Flat,REPPO,2,39321600,3259,logs/safe_rl/go2_v00/2026-08-03_13-29-24_reppo_v00_s2/model_299.pt,evaluated,44.0007,,0.5403,0.1776,0.8133,,,-5.9820,0.4934,0.0998,0.0029,0.0459,0.0501,0.0012,"protocol=E1; mode=deterministic; eval_seeds=[42, 43, 44]; E2_survival=0.40"
v00,reppo_v00_s2__stochastic__E1,aef23c9,config/mjlab_go2_reppo_v00_baseline.yaml,Unitree-Go2-Flat,REPPO,2,39321600,3259,logs/safe_rl/go2_v00/2026-08-03_13-29-24_reppo_v00_s2/model_299.pt,evaluated,,40.5609,0.5763,0.2096,0.8333,,,-5.9820,0.4934,0.0998,0.0029,0.0459,0.0501,0.0012,"protocol=E1; mode=stochastic; eval_seeds=[42, 43, 44]"
v00,reppo_v00_s4__deterministic__E1,aef23c9,config/mjlab_go2_reppo_v00_baseline.yaml,Unitree-Go2-Flat,REPPO,4,39321600,3498,logs/safe_rl/go2_v00/2026-08-03_13-40-13_reppo_v00_s4/model_299.pt,evaluated,46.9011,,0.5431,0.1663,0.9600,,,-6.0146,0.5082,0.0997,0.0025,0.0420,0.0450,0.0010,"protocol=E1; mode=deterministic; eval_seeds=[42, 43, 44]; E2_survival=1.00"
v00,reppo_v00_s4__stochastic__E1,aef23c9,config/mjlab_go2_reppo_v00_baseline.yaml,Unitree-Go2-Flat,REPPO,4,39321600,3498,logs/safe_rl/go2_v00/2026-08-03_13-40-13_reppo_v00_s4/model_299.pt,evaluated,,43.8212,0.4925,0.1852,0.9333,,,-6.0146,0.5082,0.0997,0.0025,0.0420,0.0450,0.0010,"protocol=E1; mode=stochastic; eval_seeds=[42, 43, 44]"
v00,reppo_v00_s3__deterministic__E1,aef23c9,config/mjlab_go2_reppo_v00_baseline.yaml,Unitree-Go2-Flat,REPPO,3,39321600,3441,logs/safe_rl/go2_v00/2026-08-03_14-23-43_reppo_v00_s3/model_299.pt,evaluated,46.7871,,0.5157,0.1825,0.9600,,,-5.9979,0.5223,0.0996,0.0029,0.0448,0.0697,0.0012,"protocol=E1; mode=deterministic; eval_seeds=[42, 43, 44]; E2_survival=0.60"
v00,reppo_v00_s3__stochastic__E1,aef23c9,config/mjlab_go2_reppo_v00_baseline.yaml,Unitree-Go2-Flat,REPPO,3,39321600,3441,logs/safe_rl/go2_v00/2026-08-03_14-23-43_reppo_v00_s3/model_299.pt,evaluated,,41.4249,0.5885,0.2103,0.9600,,,-5.9979,0.5223,0.0996,0.0029,0.0448,0.0697,0.0012,"protocol=E1; mode=stochastic; eval_seeds=[42, 43, 44]"
v00,reppo_v00_s5__deterministic__E1,aef23c9,config/mjlab_go2_reppo_v00_baseline.yaml,Unitree-Go2-Flat,REPPO,5,39321600,4100,logs/safe_rl/go2_v00/2026-08-03_14-38-31_reppo_v00_s5/model_299.pt,evaluated,46.4148,,0.4828,0.1584,0.8800,,,-5.9855,0.5525,0.0999,0.0029,0.0459,0.0800,0.0014,"protocol=E1; mode=deterministic; eval_seeds=[42, 43, 44]; E2_survival=0.80"
v00,reppo_v00_s5__stochastic__E1,aef23c9,config/mjlab_go2_reppo_v00_baseline.yaml,Unitree-Go2-Flat,REPPO,5,39321600,4100,logs/safe_rl/go2_v00/2026-08-03_14-38-31_reppo_v00_s5/model_299.pt,evaluated,,42.7065,0.5049,0.1899,0.8667,,,-5.9855,0.5525,0.0999,0.0029,0.0459,0.0800,0.0014,"protocol=E1; mode=stochastic; eval_seeds=[42, 43, 44]"
v00,ppo_39M_s1__deterministic__E1,aef23c9,config/mjlab_go2_ppo.yaml,Unitree-Go2-Flat,PPO,1,39321600,465,logs/safe_rl/go2_v00/2026-08-03_13-03-04_ppo_39M_s1/model_399.pt,evaluated,52.2006,,0.2845,0.0892,0.9533,,,4.9415,0.3673,,,,,,"protocol=E1; mode=deterministic; eval_seeds=[42, 43, 44]; E2_survival=0.80"
v00,ppo_39M_s1__stochastic__E1,aef23c9,config/mjlab_go2_ppo.yaml,Unitree-Go2-Flat,PPO,1,39321600,465,logs/safe_rl/go2_v00/2026-08-03_13-03-04_ppo_39M_s1/model_399.pt,evaluated,,48.4041,0.2745,0.1314,0.9600,,,4.9415,0.3673,,,,,,"protocol=E1; mode=stochastic; eval_seeds=[42, 43, 44]"
v00,ppo_39M_s2__deterministic__E1,aef23c9,config/mjlab_go2_ppo.yaml,Unitree-Go2-Flat,PPO,2,39321600,432,logs/safe_rl/go2_v00/2026-08-03_13-10-49_ppo_39M_s2/model_399.pt,evaluated,51.8486,,0.3063,0.0883,0.9733,,,5.6922,0.3913,,,,,,"protocol=E1; mode=deterministic; eval_seeds=[42, 43, 44]; E2_survival=1.00"
v00,ppo_39M_s2__stochastic__E1,aef23c9,config/mjlab_go2_ppo.yaml,Unitree-Go2-Flat,PPO,2,39321600,432,logs/safe_rl/go2_v00/2026-08-03_13-10-49_ppo_39M_s2/model_399.pt,evaluated,,44.2983,0.3441,0.1425,0.9800,,,5.6922,0.3913,,,,,,"protocol=E1; mode=stochastic; eval_seeds=[42, 43, 44]"
v00,ppo_39M_s3__deterministic__E1,aef23c9,config/mjlab_go2_ppo.yaml,Unitree-Go2-Flat,PPO,3,39321600,427,logs/safe_rl/go2_v00/2026-08-03_13-18-00_ppo_39M_s3/model_399.pt,evaluated,53.2149,,0.2906,0.0896,0.9667,,,5.6017,0.3880,,,,,,"protocol=E1; mode=deterministic; eval_seeds=[42, 43, 44]; E2_survival=0.80"
v00,ppo_39M_s3__stochastic__E1,aef23c9,config/mjlab_go2_ppo.yaml,Unitree-Go2-Flat,PPO,3,39321600,427,logs/safe_rl/go2_v00/2026-08-03_13-18-00_ppo_39M_s3/model_399.pt,evaluated,,45.9734,0.3314,0.1441,0.9467,,,5.6017,0.3880,,,,,,"protocol=E1; mode=stochastic; eval_seeds=[42, 43, 44]"
v00,ppo_39M_s4__deterministic__E1,aef23c9,config/mjlab_go2_ppo.yaml,Unitree-Go2-Flat,PPO,4,39321600,444,logs/safe_rl/go2_v00/2026-08-03_13-25-08_ppo_39M_s4/model_399.pt,evaluated,52.3887,,0.2890,0.0865,0.9600,,,4.8417,0.3642,,,,,,"protocol=E1; mode=deterministic; eval_seeds=[42, 43, 44]; E2_survival=1.00"
v00,ppo_39M_s4__stochastic__E1,aef23c9,config/mjlab_go2_ppo.yaml,Unitree-Go2-Flat,PPO,4,39321600,444,logs/safe_rl/go2_v00/2026-08-03_13-25-08_ppo_39M_s4/model_399.pt,evaluated,,46.3655,0.3201,0.1350,0.9533,,,4.8417,0.3642,,,,,,"protocol=E1; mode=stochastic; eval_seeds=[42, 43, 44]"
v00,ppo_39M_s5__deterministic__E1,aef23c9,config/mjlab_go2_ppo.yaml,Unitree-Go2-Flat,PPO,5,39321600,461,logs/safe_rl/go2_v00/2026-08-03_13-32-33_ppo_39M_s5/model_399.pt,evaluated,52.0753,,0.2894,0.0963,0.9533,,,4.8349,0.3642,,,,,,"protocol=E1; mode=deterministic; eval_seeds=[42, 43, 44]; E2_survival=0.80"
v00,ppo_39M_s5__stochastic__E1,aef23c9,config/mjlab_go2_ppo.yaml,Unitree-Go2-Flat,PPO,5,39321600,461,logs/safe_rl/go2_v00/2026-08-03_13-32-33_ppo_39M_s5/model_399.pt,evaluated,,46.4783,0.3134,0.1377,0.9800,,,4.8349,0.3642,,,,,,"protocol=E1; mode=stochastic; eval_seeds=[42, 43, 44]"
v00,ppo_196M__deterministic__E1,aef23c9,logs/juwels_pull/2026-07-31_12-58-54_go2_ppo_4096/params/agent.yaml,Unitree-Go2-Flat,PPO,1,196608000,,logs/juwels_pull/2026-07-31_12-58-54_go2_ppo_4096/model_1999.pt,evaluated,53.1450,,0.2593,0.0845,0.9667,,,,,,,,,,"protocol=E1; mode=deterministic; eval_seeds=[42, 43, 44]; E2_survival=1.00"
v00,ppo_196M__stochastic__E1,aef23c9,logs/juwels_pull/2026-07-31_12-58-54_go2_ppo_4096/params/agent.yaml,Unitree-Go2-Flat,PPO,1,196608000,,logs/juwels_pull/2026-07-31_12-58-54_go2_ppo_4096/model_1999.pt,evaluated,,49.2356,0.2588,0.1234,0.9600,,,,,,,,,,"protocol=E1; mode=stochastic; eval_seeds=[42, 43, 44]"
v00,reppo_v28_refparity__deterministic__E1,aef23c9,config/mjlab_go2_reppo_v28_refparity.yaml,Unitree-Go2-Flat,REPPO,1,39321600,,logs/safe_rl/go2_velocity/2026-08-03_09-11-35_go2_v28_refparity_s1/model_299.pt,evaluated,45.7186,,0.5233,0.1866,0.9333,,,,,,,,,,"protocol=E1; mode=deterministic; eval_seeds=[42, 43, 44]; E2_survival=1.00"
v00,reppo_v28_refparity__stochastic__E1,aef23c9,config/mjlab_go2_reppo_v28_refparity.yaml,Unitree-Go2-Flat,REPPO,1,39321600,,logs/safe_rl/go2_velocity/2026-08-03_09-11-35_go2_v28_refparity_s1/model_299.pt,evaluated,,42.3444,0.5267,0.1996,0.9467,,,,,,,,,,"protocol=E1; mode=stochastic; eval_seeds=[42, 43, 44]"
v00,reppo_v29_dualclip__deterministic__E1,aef23c9,config/mjlab_go2_reppo_v29_dualclip.yaml,Unitree-Go2-Flat,REPPO,1,39321600,,logs/safe_rl/go2_velocity/2026-08-03_10-10-40_go2_v29_dualclip_s1/model_299.pt,evaluated,47.7486,,0.4890,0.1665,0.9267,,,,,,,,,,"protocol=E1; mode=deterministic; eval_seeds=[42, 43, 44]; E2_survival=0.60"
v00,reppo_v29_dualclip__stochastic__E1,aef23c9,config/mjlab_go2_reppo_v29_dualclip.yaml,Unitree-Go2-Flat,REPPO,1,39321600,,logs/safe_rl/go2_velocity/2026-08-03_10-10-40_go2_v29_dualclip_s1/model_299.pt,evaluated,,40.2351,0.5888,0.2140,0.8667,,,,,,,,,,"protocol=E1; mode=stochastic; eval_seeds=[42, 43, 44]"
v00,reppo_v30_atoms151__deterministic__E1,aef23c9,config/mjlab_go2_reppo_v30_atoms151.yaml,Unitree-Go2-Flat,REPPO,1,39321600,,logs/safe_rl/go2_velocity/2026-08-03_11-02-06_go2_v30_atoms151_s1/model_299.pt,evaluated,47.5623,,0.4812,0.1631,0.9533,,,,,,,,,,"protocol=E1; mode=deterministic; eval_seeds=[42, 43, 44]; E2_survival=0.80"
v00,reppo_v30_atoms151__stochastic__E1,aef23c9,config/mjlab_go2_reppo_v30_atoms151.yaml,Unitree-Go2-Flat,REPPO,1,39321600,,logs/safe_rl/go2_velocity/2026-08-03_11-02-06_go2_v30_atoms151_s1/model_299.pt,evaluated,,42.8093,0.5013,0.1937,0.9200,,,,,,,,,,"protocol=E1; mode=stochastic; eval_seeds=[42, 43, 44]"
v00,reppo_v00_s1__deterministic__E2,e55a861,config/mjlab_go2_reppo_v00_baseline.yaml,Unitree-Go2-Flat,REPPO,1,39321600,3499,logs/safe_rl/go2_v00/2026-08-03_12-31-06_reppo_v00_s1/model_299.pt,evaluated,36.5073,,0.7420,0.2127,0.6000,,,-5.9851,0.5001,0.0998,0.0027,0.0438,0.0484,0.0014,"protocol=E2; mode=deterministic; eval_seeds=[3, 7, 11, 21, 33]; E2_survival=0.60"
v00,reppo_v00_s2__deterministic__E2,e55a861,config/mjlab_go2_reppo_v00_baseline.yaml,Unitree-Go2-Flat,REPPO,2,39321600,3259,logs/safe_rl/go2_v00/2026-08-03_13-29-24_reppo_v00_s2/model_299.pt,evaluated,28.3583,,0.7346,0.1945,0.4000,,,-5.9820,0.4934,0.0998,0.0029,0.0459,0.0501,0.0012,"protocol=E2; mode=deterministic; eval_seeds=[3, 7, 11, 21, 33]; E2_survival=0.40"
v00,reppo_v00_s4__deterministic__E2,e55a861,config/mjlab_go2_reppo_v00_baseline.yaml,Unitree-Go2-Flat,REPPO,4,39321600,3498,logs/safe_rl/go2_v00/2026-08-03_13-40-13_reppo_v00_s4/model_299.pt,evaluated,43.5798,,0.7636,0.2070,1.0000,,,-6.0146,0.5082,0.0997,0.0025,0.0420,0.0450,0.0010,"protocol=E2; mode=deterministic; eval_seeds=[3, 7, 11, 21, 33]; E2_survival=1.00"
v00,reppo_v00_s3__deterministic__E2,e55a861,config/mjlab_go2_reppo_v00_baseline.yaml,Unitree-Go2-Flat,REPPO,3,39321600,3441,logs/safe_rl/go2_v00/2026-08-03_14-23-43_reppo_v00_s3/model_299.pt,evaluated,34.0829,,0.7109,0.2274,0.6000,,,-5.9979,0.5223,0.0996,0.0029,0.0448,0.0697,0.0012,"protocol=E2; mode=deterministic; eval_seeds=[3, 7, 11, 21, 33]; E2_survival=0.60"
v00,reppo_v00_s5__deterministic__E2,e55a861,config/mjlab_go2_reppo_v00_baseline.yaml,Unitree-Go2-Flat,REPPO,5,39321600,4100,logs/safe_rl/go2_v00/2026-08-03_14-38-31_reppo_v00_s5/model_299.pt,evaluated,41.4526,,0.7160,0.1512,0.8000,,,-5.9855,0.5525,0.0999,0.0029,0.0459,0.0800,0.0014,"protocol=E2; mode=deterministic; eval_seeds=[3, 7, 11, 21, 33]; E2_survival=0.80"
v00,ppo_39M_s1__deterministic__E2,e55a861,config/mjlab_go2_ppo.yaml,Unitree-Go2-Flat,PPO,1,39321600,465,logs/safe_rl/go2_v00/2026-08-03_13-03-04_ppo_39M_s1/model_399.pt,evaluated,44.5382,,0.3267,0.1121,0.8000,,,4.9415,0.3673,,,,,,"protocol=E2; mode=deterministic; eval_seeds=[3, 7, 11, 21, 33]; E2_survival=0.80"
v00,ppo_39M_s2__deterministic__E2,e55a861,config/mjlab_go2_ppo.yaml,Unitree-Go2-Flat,PPO,2,39321600,432,logs/safe_rl/go2_v00/2026-08-03_13-10-49_ppo_39M_s2/model_399.pt,evaluated,50.3949,,0.3144,0.0860,1.0000,,,5.6922,0.3913,,,,,,"protocol=E2; mode=deterministic; eval_seeds=[3, 7, 11, 21, 33]; E2_survival=1.00"
v00,ppo_39M_s3__deterministic__E2,e55a861,config/mjlab_go2_ppo.yaml,Unitree-Go2-Flat,PPO,3,39321600,427,logs/safe_rl/go2_v00/2026-08-03_13-18-00_ppo_39M_s3/model_399.pt,evaluated,44.2832,,0.3533,0.1038,0.8000,,,5.6017,0.3880,,,,,,"protocol=E2; mode=deterministic; eval_seeds=[3, 7, 11, 21, 33]; E2_survival=0.80"
v00,ppo_39M_s4__deterministic__E2,e55a861,config/mjlab_go2_ppo.yaml,Unitree-Go2-Flat,PPO,4,39321600,444,logs/safe_rl/go2_v00/2026-08-03_13-25-08_ppo_39M_s4/model_399.pt,evaluated,50.6215,,0.3183,0.0919,1.0000,,,4.8417,0.3642,,,,,,"protocol=E2; mode=deterministic; eval_seeds=[3, 7, 11, 21, 33]; E2_survival=1.00"
v00,ppo_39M_s5__deterministic__E2,e55a861,config/mjlab_go2_ppo.yaml,Unitree-Go2-Flat,PPO,5,39321600,461,logs/safe_rl/go2_v00/2026-08-03_13-32-33_ppo_39M_s5/model_399.pt,evaluated,44.3794,,0.3259,0.1179,0.8000,,,4.8349,0.3642,,,,,,"protocol=E2; mode=deterministic; eval_seeds=[3, 7, 11, 21, 33]; E2_survival=0.80"
v00,ppo_196M__deterministic__E2,e55a861,logs/juwels_pull/2026-07-31_12-58-54_go2_ppo_4096/params/agent.yaml,Unitree-Go2-Flat,PPO,1,196608000,,logs/juwels_pull/2026-07-31_12-58-54_go2_ppo_4096/model_1999.pt,evaluated,51.9414,,0.2703,0.0849,1.0000,,,,,,,,,,"protocol=E2; mode=deterministic; eval_seeds=[3, 7, 11, 21, 33]; E2_survival=1.00"
v00,reppo_v28_refparity__deterministic__E2,e55a861,config/mjlab_go2_reppo_v28_refparity.yaml,Unitree-Go2-Flat,REPPO,1,39321600,,logs/safe_rl/go2_velocity/2026-08-03_09-11-35_go2_v28_refparity_s1/model_299.pt,evaluated,41.5052,,0.7339,0.2168,1.0000,,,,,,,,,,"protocol=E2; mode=deterministic; eval_seeds=[3, 7, 11, 21, 33]; E2_survival=1.00"
v00,reppo_v29_dualclip__deterministic__E2,e55a861,config/mjlab_go2_reppo_v29_dualclip.yaml,Unitree-Go2-Flat,REPPO,1,39321600,,logs/safe_rl/go2_velocity/2026-08-03_10-10-40_go2_v29_dualclip_s1/model_299.pt,evaluated,32.9915,,0.7376,0.1863,0.6000,,,,,,,,,,"protocol=E2; mode=deterministic; eval_seeds=[3, 7, 11, 21, 33]; E2_survival=0.60"
v00,reppo_v30_atoms151__deterministic__E2,e55a861,config/mjlab_go2_reppo_v30_atoms151.yaml,Unitree-Go2-Flat,REPPO,1,39321600,,logs/safe_rl/go2_velocity/2026-08-03_11-02-06_go2_v30_atoms151_s1/model_299.pt,evaluated,39.9421,,0.7067,0.1879,0.8000,,,,,,,,,,"protocol=E2; mode=deterministic; eval_seeds=[3, 7, 11, 21, 33]; E2_survival=0.80"
v00,reppo_v00_s1__deterministic__E1,e55a861,config/mjlab_go2_reppo_v00_baseline.yaml,Unitree-Go2-Flat,REPPO,1,39321600,3499,logs/safe_rl/go2_v00/2026-08-03_12-31-06_reppo_v00_s1/model_299.pt,evaluated,48.4261,,0.4457,0.1516,0.9375,,,-5.9851,0.5001,0.0998,0.0027,0.0438,0.0484,0.0014,"protocol=E1; mode=deterministic; eval_seeds=[42, 43, 44]; E2_survival=0.60"
v00,reppo_v00_s1__stochastic__E1,e55a861,config/mjlab_go2_reppo_v00_baseline.yaml,Unitree-Go2-Flat,REPPO,1,39321600,3499,logs/safe_rl/go2_v00/2026-08-03_12-31-06_reppo_v00_s1/model_299.pt,evaluated,,45.3363,0.4411,0.1769,0.9375,,,-5.9851,0.5001,0.0998,0.0027,0.0438,0.0484,0.0014,"protocol=E1; mode=stochastic; eval_seeds=[42, 43, 44]"
v00,reppo_v00_s2__deterministic__E1,e55a861,config/mjlab_go2_reppo_v00_baseline.yaml,Unitree-Go2-Flat,REPPO,2,39321600,3259,logs/safe_rl/go2_v00/2026-08-03_13-29-24_reppo_v00_s2/model_299.pt,evaluated,44.7573,,0.5047,0.1755,0.8411,,,-5.9820,0.4934,0.0998,0.0029,0.0459,0.0501,0.0012,"protocol=E1; mode=deterministic; eval_seeds=[42, 43, 44]; E2_survival=0.40"
v00,reppo_v00_s2__stochastic__E1,e55a861,config/mjlab_go2_reppo_v00_baseline.yaml,Unitree-Go2-Flat,REPPO,2,39321600,3259,logs/safe_rl/go2_v00/2026-08-03_13-29-24_reppo_v00_s2/model_299.pt,evaluated,,40.9420,0.5578,0.2095,0.8411,,,-5.9820,0.4934,0.0998,0.0029,0.0459,0.0501,0.0012,"protocol=E1; mode=stochastic; eval_seeds=[42, 43, 44]"
v00,reppo_v00_s4__deterministic__E1,e55a861,config/mjlab_go2_reppo_v00_baseline.yaml,Unitree-Go2-Flat,REPPO,4,39321600,3498,logs/safe_rl/go2_v00/2026-08-03_13-40-13_reppo_v00_s4/model_299.pt,evaluated,49.8905,,0.4180,0.1503,0.9688,,,-6.0146,0.5082,0.0997,0.0025,0.0420,0.0450,0.0010,"protocol=E1; mode=deterministic; eval_seeds=[42, 43, 44]; E2_survival=1.00"
v00,reppo_v00_s4__stochastic__E1,e55a861,config/mjlab_go2_reppo_v00_baseline.yaml,Unitree-Go2-Flat,REPPO,4,39321600,3498,logs/safe_rl/go2_v00/2026-08-03_13-40-13_reppo_v00_s4/model_299.pt,evaluated,,44.7129,0.4896,0.1836,0.9635,,,-6.0146,0.5082,0.0997,0.0025,0.0420,0.0450,0.0010,"protocol=E1; mode=stochastic; eval_seeds=[42, 43, 44]"
v00,reppo_v00_s3__deterministic__E1,e55a861,config/mjlab_go2_reppo_v00_baseline.yaml,Unitree-Go2-Flat,REPPO,3,39321600,3441,logs/safe_rl/go2_v00/2026-08-03_14-23-43_reppo_v00_s3/model_299.pt,evaluated,49.0701,,0.4287,0.1640,0.9583,,,-5.9979,0.5223,0.0996,0.0029,0.0448,0.0697,0.0012,"protocol=E1; mode=deterministic; eval_seeds=[42, 43, 44]; E2_survival=0.60"
v00,reppo_v00_s3__stochastic__E1,e55a861,config/mjlab_go2_reppo_v00_baseline.yaml,Unitree-Go2-Flat,REPPO,3,39321600,3441,logs/safe_rl/go2_v00/2026-08-03_14-23-43_reppo_v00_s3/model_299.pt,evaluated,,43.1019,0.5149,0.2064,0.9583,,,-5.9979,0.5223,0.0996,0.0029,0.0448,0.0697,0.0012,"protocol=E1; mode=stochastic; eval_seeds=[42, 43, 44]"
v00,reppo_v00_s5__deterministic__E1,e55a861,config/mjlab_go2_reppo_v00_baseline.yaml,Unitree-Go2-Flat,REPPO,5,39321600,4100,logs/safe_rl/go2_v00/2026-08-03_14-38-31_reppo_v00_s5/model_299.pt,evaluated,46.5280,,0.4635,0.1596,0.8646,,,-5.9855,0.5525,0.0999,0.0029,0.0459,0.0800,0.0014,"protocol=E1; mode=deterministic; eval_seeds=[42, 43, 44]; E2_survival=0.80"
v00,reppo_v00_s5__stochastic__E1,e55a861,config/mjlab_go2_reppo_v00_baseline.yaml,Unitree-Go2-Flat,REPPO,5,39321600,4100,logs/safe_rl/go2_v00/2026-08-03_14-38-31_reppo_v00_s5/model_299.pt,evaluated,,42.8274,0.4945,0.1897,0.8750,,,-5.9855,0.5525,0.0999,0.0029,0.0459,0.0800,0.0014,"protocol=E1; mode=stochastic; eval_seeds=[42, 43, 44]"
v00,ppo_39M_s1__deterministic__E1,e55a861,config/mjlab_go2_ppo.yaml,Unitree-Go2-Flat,PPO,1,39321600,465,logs/safe_rl/go2_v00/2026-08-03_13-03-04_ppo_39M_s1/model_399.pt,evaluated,54.0691,,0.2500,0.0855,0.9583,,,4.9415,0.3673,,,,,,"protocol=E1; mode=deterministic; eval_seeds=[42, 43, 44]; E2_survival=0.80"
v00,ppo_39M_s1__stochastic__E1,e55a861,config/mjlab_go2_ppo.yaml,Unitree-Go2-Flat,PPO,1,39321600,465,logs/safe_rl/go2_v00/2026-08-03_13-03-04_ppo_39M_s1/model_399.pt,evaluated,,48.3151,0.2678,0.1318,0.9505,,,4.9415,0.3673,,,,,,"protocol=E1; mode=stochastic; eval_seeds=[42, 43, 44]"
v00,ppo_39M_s2__deterministic__E1,e55a861,config/mjlab_go2_ppo.yaml,Unitree-Go2-Flat,PPO,2,39321600,432,logs/safe_rl/go2_v00/2026-08-03_13-10-49_ppo_39M_s2/model_399.pt,evaluated,51.9148,,0.3035,0.0888,0.9688,,,5.6922,0.3913,,,,,,"protocol=E1; mode=deterministic; eval_seeds=[42, 43, 44]; E2_survival=1.00"
v00,ppo_39M_s2__stochastic__E1,e55a861,config/mjlab_go2_ppo.yaml,Unitree-Go2-Flat,PPO,2,39321600,432,logs/safe_rl/go2_v00/2026-08-03_13-10-49_ppo_39M_s2/model_399.pt,evaluated,,47.3544,0.2802,0.1367,0.9583,,,5.6922,0.3913,,,,,,"protocol=E1; mode=stochastic; eval_seeds=[42, 43, 44]"
v00,ppo_39M_s3__deterministic__E1,e55a861,config/mjlab_go2_ppo.yaml,Unitree-Go2-Flat,PPO,3,39321600,427,logs/safe_rl/go2_v00/2026-08-03_13-18-00_ppo_39M_s3/model_399.pt,evaluated,54.5152,,0.2599,0.0872,0.9661,,,5.6017,0.3880,,,,,,"protocol=E1; mode=deterministic; eval_seeds=[42, 43, 44]; E2_survival=0.80"
v00,ppo_39M_s3__stochastic__E1,e55a861,config/mjlab_go2_ppo.yaml,Unitree-Go2-Flat,PPO,3,39321600,427,logs/safe_rl/go2_v00/2026-08-03_13-18-00_ppo_39M_s3/model_399.pt,evaluated,,47.8060,0.2831,0.1407,0.9453,,,5.6017,0.3880,,,,,,"protocol=E1; mode=stochastic; eval_seeds=[42, 43, 44]"
v00,ppo_39M_s4__deterministic__E1,e55a861,config/mjlab_go2_ppo.yaml,Unitree-Go2-Flat,PPO,4,39321600,444,logs/safe_rl/go2_v00/2026-08-03_13-25-08_ppo_39M_s4/model_399.pt,evaluated,53.2994,,0.2844,0.0863,0.9844,,,4.8417,0.3642,,,,,,"protocol=E1; mode=deterministic; eval_seeds=[42, 43, 44]; E2_survival=1.00"
v00,ppo_39M_s4__stochastic__E1,e55a861,config/mjlab_go2_ppo.yaml,Unitree-Go2-Flat,PPO,4,39321600,444,logs/safe_rl/go2_v00/2026-08-03_13-25-08_ppo_39M_s4/model_399.pt,evaluated,,48.6772,0.2811,0.1327,0.9766,,,4.8417,0.3642,,,,,,"protocol=E1; mode=stochastic; eval_seeds=[42, 43, 44]"
v00,ppo_39M_s5__deterministic__E1,e55a861,config/mjlab_go2_ppo.yaml,Unitree-Go2-Flat,PPO,5,39321600,461,logs/safe_rl/go2_v00/2026-08-03_13-32-33_ppo_39M_s5/model_399.pt,evaluated,53.8573,,0.2595,0.0906,0.9635,,,4.8349,0.3642,,,,,,"protocol=E1; mode=deterministic; eval_seeds=[42, 43, 44]; E2_survival=0.80"
v00,ppo_39M_s5__stochastic__E1,e55a861,config/mjlab_go2_ppo.yaml,Unitree-Go2-Flat,PPO,5,39321600,461,logs/safe_rl/go2_v00/2026-08-03_13-32-33_ppo_39M_s5/model_399.pt,evaluated,,48.6524,0.2716,0.1354,0.9688,,,4.8349,0.3642,,,,,,"protocol=E1; mode=stochastic; eval_seeds=[42, 43, 44]"
v00,ppo_196M__deterministic__E1,e55a861,logs/juwels_pull/2026-07-31_12-58-54_go2_ppo_4096/params/agent.yaml,Unitree-Go2-Flat,PPO,1,196608000,,logs/juwels_pull/2026-07-31_12-58-54_go2_ppo_4096/model_1999.pt,evaluated,54.8843,,0.2348,0.0797,0.9740,,,,,,,,,,"protocol=E1; mode=deterministic; eval_seeds=[42, 43, 44]; E2_survival=1.00"
v00,ppo_196M__stochastic__E1,e55a861,logs/juwels_pull/2026-07-31_12-58-54_go2_ppo_4096/params/agent.yaml,Unitree-Go2-Flat,PPO,1,196608000,,logs/juwels_pull/2026-07-31_12-58-54_go2_ppo_4096/model_1999.pt,evaluated,,50.8115,0.2402,0.1195,0.9661,,,,,,,,,,"protocol=E1; mode=stochastic; eval_seeds=[42, 43, 44]"
v00,reppo_v28_refparity__deterministic__E1,e55a861,config/mjlab_go2_reppo_v28_refparity.yaml,Unitree-Go2-Flat,REPPO,1,39321600,,logs/safe_rl/go2_velocity/2026-08-03_09-11-35_go2_v28_refparity_s1/model_299.pt,evaluated,46.4665,,0.5178,0.1777,0.9531,,,,,,,,,,"protocol=E1; mode=deterministic; eval_seeds=[42, 43, 44]; E2_survival=1.00"
v00,reppo_v28_refparity__stochastic__E1,e55a861,config/mjlab_go2_reppo_v28_refparity.yaml,Unitree-Go2-Flat,REPPO,1,39321600,,logs/safe_rl/go2_velocity/2026-08-03_09-11-35_go2_v28_refparity_s1/model_299.pt,evaluated,,41.3576,0.5786,0.2139,0.9792,,,,,,,,,,"protocol=E1; mode=stochastic; eval_seeds=[42, 43, 44]"
v00,reppo_v29_dualclip__deterministic__E1,e55a861,config/mjlab_go2_reppo_v29_dualclip.yaml,Unitree-Go2-Flat,REPPO,1,39321600,,logs/safe_rl/go2_velocity/2026-08-03_10-10-40_go2_v29_dualclip_s1/model_299.pt,evaluated,49.4729,,0.4215,0.1507,0.9323,,,,,,,,,,"protocol=E1; mode=deterministic; eval_seeds=[42, 43, 44]; E2_survival=0.60"
v00,reppo_v29_dualclip__stochastic__E1,e55a861,config/mjlab_go2_reppo_v29_dualclip.yaml,Unitree-Go2-Flat,REPPO,1,39321600,,logs/safe_rl/go2_velocity/2026-08-03_10-10-40_go2_v29_dualclip_s1/model_299.pt,evaluated,,44.5205,0.4897,0.1934,0.9219,,,,,,,,,,"protocol=E1; mode=stochastic; eval_seeds=[42, 43, 44]"
v00,reppo_v30_atoms151__deterministic__E1,e55a861,config/mjlab_go2_reppo_v30_atoms151.yaml,Unitree-Go2-Flat,REPPO,1,39321600,,logs/safe_rl/go2_velocity/2026-08-03_11-02-06_go2_v30_atoms151_s1/model_299.pt,evaluated,48.6199,,0.4432,0.1591,0.9375,,,,,,,,,,"protocol=E1; mode=deterministic; eval_seeds=[42, 43, 44]; E2_survival=0.80"
v00,reppo_v30_atoms151__stochastic__E1,e55a861,config/mjlab_go2_reppo_v30_atoms151.yaml,Unitree-Go2-Flat,REPPO,1,39321600,,logs/safe_rl/go2_velocity/2026-08-03_11-02-06_go2_v30_atoms151_s1/model_299.pt,evaluated,,44.4400,0.4535,0.1862,0.9271,,,,,,,,,,"protocol=E1; mode=stochastic; eval_seeds=[42, 43, 44]"
